SecurityCode,SecurityName,Industry,PaidinCapital,CompanyCatogery
1101,台泥,水泥工業,735.62,大型股
1102,亞泥,水泥工業,354.59,大型股
1103,嘉泥,水泥工業,77.48,大型股
1104,環泥,水泥工業,65.36,大型股
1108,幸福,水泥工業,40.47,大型股
1109,信大,水泥工業,34.12,大型股
1110,東泥,水泥工業,57.2,大型股
1201,味全,食品工業,50.61,大型股
1203,味王,食品工業,24.0,大型股
1210,大成,食品工業,89.48,大型股
1213,大飲,食品工業,5.66,小型股
1215,卜蜂,食品工業,29.48,大型股
1216,統一,食品工業,568.2,大型股
1217,愛之味,食品工業,49.45,大型股
1218,泰山,食品工業,50.0,大型股
1219,福壽,食品工業,32.2,大型股
1220,台榮,食品工業,17.71,中型股
1225,福懋油,食品工業,21.87,大型股
1227,佳格,食品工業,91.51,大型股
1229,聯華,食品工業,148.01,大型股
1231,聯華食,食品工業,22.42,大型股
1232,大統益,食品工業,16.0,中型股
1233,天仁,食品工業,9.06,小型股
1234,黑松,食品工業,40.19,大型股
1235,興泰,食品工業,13.36,中型股
1236,宏亞,食品工業,10.83,中型股
1256,鮮活果汁-KY,食品工業,3.38,小型股
1301,台塑,塑膠工業,636.57,大型股
1303,南亞,塑膠工業,793.08,大型股
1304,台聚,塑膠工業,118.88,大型股
1305,華夏,塑膠工業,58.11,大型股
1307,三芳,塑膠工業,39.78,大型股
1308,亞聚,塑膠工業,59.37,大型股
1309,台達化,塑膠工業,39.76,大型股
1310,台苯,塑膠工業,52.79,大型股
1312,國喬,塑膠工業,92.66,大型股
1313,聯成,塑膠工業,135.53,大型股
1314,中石化,塑膠工業,378.49,大型股
1315,達新,塑膠工業,9.91,小型股
1316,上曜,建材營造,21.9,大型股
1319,東陽,汽車工業,59.15,大型股
1321,大洋,塑膠工業,22.72,大型股
1323,永裕,塑膠工業,9.13,小型股
1324,地球,塑膠工業,7.51,小型股
1325,恆大,塑膠工業,8.53,小型股
1326,台化,塑膠工業,586.12,大型股
1337,再生-KY,塑膠工業,26.9,大型股
1338,廣華-KY,汽車工業,8.38,小型股
1339,昭輝,汽車工業,7.41,小型股
1340,勝悅-KY,塑膠工業,15.29,中型股
1341,富林-KY,塑膠工業,5.09,小型股
1342,八貫,其他,7.04,小型股
1402,遠東新,紡織纖維,535.29,大型股
1409,新纖,紡織纖維,161.84,大型股
1410,南染,紡織纖維,6.3,小型股
1413,宏洲,紡織纖維,13.21,中型股
1414,東和,紡織纖維,22.0,大型股
1416,廣豐,其他,18.53,中型股
1417,嘉裕,紡織纖維,18.99,中型股
1418,東華,紡織纖維,5.68,小型股
1419,新紡,紡織纖維,30.0,大型股
1423,利華,紡織纖維,13.84,中型股
1432,大魯閣,貿易百貨,9.0,小型股
1434,福懋,紡織纖維,168.47,大型股
1435,中福,其他,13.98,中型股
1436,華友聯,建材營造,9.66,小型股
1437,勤益控,其他,20.34,大型股
1438,三地開發,建材營造,9.12,小型股
1439,雋揚,紡織纖維,9.2,小型股
1440,南紡,紡織纖維,165.68,大型股
1441,大東,紡織纖維,11.39,中型股
1442,名軒,建材營造,36.62,大型股
1443,立益物流,其他,13.53,中型股
1444,力麗,紡織纖維,95.73,大型股
1445,大宇,紡織纖維,13.07,中型股
1446,宏和,紡織纖維,13.77,中型股
1447,力鵬,紡織纖維,91.45,大型股
1449,佳和,紡織纖維,8.07,小型股
1451,年興,紡織纖維,20.67,大型股
1452,宏益,紡織纖維,13.26,中型股
1453,大將,建材營造,10.36,中型股
1454,台富,紡織纖維,12.98,中型股
1455,集盛,紡織纖維,53.17,大型股
1456,怡華,建材營造,9.37,小型股
1457,宜進,紡織纖維,30.16,大型股
1459,聯發,紡織纖維,35.86,大型股
1460,宏遠,紡織纖維,69.46,大型股
1463,強盛,紡織纖維,17.33,中型股
1464,得力,紡織纖維,38.46,大型股
1465,偉全,紡織纖維,10.36,中型股
1466,聚隆,紡織纖維,11.12,中型股
1467,南緯,紡織纖維,23.36,大型股
1468,昶和,紡織纖維,16.04,中型股
1470,大統新創,紡織纖維,8.58,小型股
1471,首利,電子零組件業,15.04,中型股
1472,三洋實業,紡織纖維,2.5,小型股
1473,台南,紡織纖維,14.72,中型股
1474,弘裕,紡織纖維,12.99,中型股
1475,業旺,紡織纖維,6.6,小型股
1476,儒鴻,紡織纖維,27.44,大型股
1477,聚陽,紡織纖維,24.19,大型股
1503,士電,電機機械,52.1,大型股
1504,東元,電機機械,213.88,大型股
1506,正道,電機機械,29.98,大型股
1512,瑞利,汽車工業,9.82,小型股
1513,中興電,電機機械,47.63,大型股
1514,亞力,電機機械,23.97,大型股
1515,力山,電機機械,18.15,中型股
1516,川飛,其他,3.57,小型股
1517,利奇,電機機械,22.57,大型股
1519,華城,電機機械,26.11,大型股
1521,大億,汽車工業,7.62,小型股
1522,堤維西,汽車工業,34.29,大型股
1524,耿鼎,汽車工業,16.53,中型股
1525,江申,汽車工業,7.34,小型股
1526,日馳,電機機械,6.0,小型股
1527,鑽全,電機機械,13.86,中型股
1528,恩德,電機機械,19.43,中型股
1529,樂事綠能,電機機械,14.55,中型股
1530,亞崴,電機機械,9.66,小型股
1531,高林股,電機機械,18.36,中型股
1532,勤美,電機機械,37.61,大型股
1533,車王電,汽車工業,9.85,小型股
1535,中宇,電機機械,12.37,中型股
1536,和大,汽車工業,27.95,大型股
1537,廣隆,電機機械,8.21,小型股
1538,正峰,電機機械,3.39,小型股
1539,巨庭,電機機械,6.54,小型股
1540,喬福,電機機械,8.55,小型股
1541,錩泰,電機機械,7.88,小型股
1558,伸興,電機機械,6.65,小型股
1560,中砂,電機機械,14.37,中型股
1568,倉佑,汽車工業,10.31,中型股
1582,信錦,電子零組件業,12.37,中型股
1583,程泰,電機機械,11.04,中型股
1587,吉茂,汽車工業,6.86,小型股
1589,永冠-KY,電機機械,11.06,中型股
1590,亞德客-KY,電機機械,20.0,中型股
1597,直得,電機機械,8.93,小型股
1598,岱宇,生技醫療業,13.41,中型股
1603,華電,電器電纜,19.17,中型股
1604,聲寶,電器電纜,38.42,大型股
1605,華新,電器電纜,373.13,大型股
1608,華榮,電器電纜,63.28,大型股
1609,大亞,電器電纜,68.46,大型股
1611,中電,電器電纜,32.27,大型股
1612,宏泰,電器電纜,31.61,大型股
1614,三洋電,電器電纜,26.91,大型股
1615,大山,電器電纜,14.88,中型股
1616,億泰,電器電纜,19.41,中型股
1617,榮星,電器電纜,15.77,中型股
1618,合機,電器電纜,19.27,中型股
1626,艾美特-KY,電器電纜,14.55,中型股
1701,中化,生技醫療業,29.81,大型股
1702,南僑,食品工業,29.41,大型股
1707,葡萄王,生技醫療業,14.81,中型股
1708,東鹼,化學工業,24.9,大型股
1709,和益,化學工業,47.7,大型股
1710,東聯,化學工業,88.57,大型股
1711,永光,化學工業,54.78,大型股
1712,興農,化學工業,42.05,大型股
1713,國化,化學工業,15.1,中型股
1714,和桐,化學工業,101.68,大型股
1717,長興,化學工業,117.83,大型股
1718,中纖,化學工業,168.62,大型股
1720,生達,生技醫療業,17.87,中型股
1721,三晃,化學工業,18.49,中型股
1722,台肥,化學工業,98.0,大型股
1723,中碳,化學工業,23.69,大型股
1725,元禎,化學工業,18.18,中型股
1726,永記,化學工業,16.2,中型股
1727,中華化,化學工業,10.82,中型股
1730,花仙子,化學工業,6.32,小型股
1731,美吾華,生技醫療業,13.29,中型股
1732,毛寶,化學工業,4.24,小型股
1733,五鼎,生技醫療業,10.0,中型股
1734,杏輝,生技醫療業,16.77,中型股
1735,日勝化,化學工業,9.94,小型股
1736,喬山,生技醫療業,30.36,大型股
1737,臺鹽,食品工業,20.0,中型股
1752,南光,生技醫療業,10.1,中型股
1760,寶齡富錦,生技醫療業,8.57,小型股
1762,中化生,生技醫療業,7.76,小型股
1773,勝一,化學工業,25.0,大型股
1776,展宇,化學工業,7.03,小型股
1783,和康生,生技醫療業,8.47,小型股
1786,科妍,生技醫療業,6.62,小型股
1789,神隆,生技醫療業,79.07,大型股
1795,美時,生技醫療業,26.26,大型股
1802,台玻,玻璃陶瓷,290.81,大型股
1805,寶徠,建材營造,10.03,中型股
1806,冠軍,玻璃陶瓷,39.04,大型股
1808,潤隆,建材營造,45.1,大型股
1809,中釉,玻璃陶瓷,16.7,中型股
1810,和成,玻璃陶瓷,30.33,大型股
1817,凱撒衛,玻璃陶瓷,7.26,小型股
1903,士紙,造紙工業,26.0,大型股
1904,正隆,造紙工業,110.83,大型股
1905,華紙,造紙工業,110.28,大型股
1906,寶隆,造紙工業,15.1,中型股
1907,永豐餘,造紙工業,166.04,大型股
1909,榮成,造紙工業,132.77,大型股
2002,中鋼,鋼鐵工業,1577.31,大型股
2006,東和鋼鐵,鋼鐵工業,73.02,大型股
2007,燁興,鋼鐵工業,53.07,大型股
2008,高興昌,鋼鐵工業,20.09,大型股
2009,第一銅,鋼鐵工業,35.96,大型股
2010,春源,鋼鐵工業,64.77,大型股
2012,春雨,鋼鐵工業,30.22,大型股
2013,中鋼構,鋼鐵工業,20.0,中型股
2014,中鴻,鋼鐵工業,143.55,大型股
2015,豐興,鋼鐵工業,58.16,大型股
2017,官田鋼,鋼鐵工業,36.24,大型股
2020,美亞,鋼鐵工業,22.25,大型股
2022,聚亨,鋼鐵工業,47.98,大型股
2023,燁輝,鋼鐵工業,198.51,大型股
2024,志聯,鋼鐵工業,9.75,小型股
2025,千興,鋼鐵工業,28.12,大型股
2027,大成鋼,鋼鐵工業,202.86,大型股
2028,威致,鋼鐵工業,32.57,大型股
2029,盛餘,鋼鐵工業,32.12,大型股
2030,彰源,鋼鐵工業,28.05,大型股
2031,新光鋼,鋼鐵工業,32.11,大型股
2032,新鋼,鋼鐵工業,13.05,中型股
2033,佳大,鋼鐵工業,8.07,小型股
2034,允強,鋼鐵工業,44.54,大型股
2038,海光,鋼鐵工業,18.13,中型股
2049,上銀,電機機械,35.38,大型股
2059,川湖,電子零組件業,9.53,小型股
2062,橋椿,其他,20.0,中型股
2069,運錩,鋼鐵工業,16.64,中型股
2101,南港,橡膠工業,83.39,大型股
2102,泰豐,橡膠工業,47.33,大型股
2103,台橡,橡膠工業,82.57,大型股
2104,國際中橡,橡膠工業,98.47,大型股
2105,正新,橡膠工業,324.14,大型股
2106,建大,橡膠工業,90.94,大型股
2107,厚生,橡膠工業,33.73,大型股
2108,南帝,橡膠工業,49.24,大型股
2109,華豐,橡膠工業,27.93,大型股
2114,鑫永銓,橡膠工業,7.8,小型股
2115,六暉-KY,汽車工業,9.94,小型股
2201,裕隆,汽車工業,100.0,大型股
2204,中華,汽車工業,55.36,大型股
2206,三陽工業,汽車工業,79.75,大型股
2207,和泰車,汽車工業,54.62,大型股
2208,台船,航運業,93.18,大型股
2211,長榮鋼,鋼鐵工業,41.71,大型股
2227,裕日車,汽車工業,30.0,大型股
2228,劍麟,汽車工業,7.58,小型股
2231,為升,汽車工業,13.41,中型股
2233,宇隆,汽車工業,6.03,小型股
2236,百達-KY,汽車工業,4.58,小型股
2239,英利-KY,汽車工業,11.85,中型股
2241,艾姆勒,汽車工業,8.96,小型股
2243,宏旭-KY,汽車工業,6.6,小型股
2247,汎德永業,汽車工業,8.07,小型股
2250,IKKA-KY,汽車工業,2.92,小型股
2301,光寶科,電腦及週邊設備業,236.31,大型股
2302,麗正,半導體業,16.63,中型股
2303,聯電,半導體業,1250.47,大型股
2305,全友,電腦及週邊設備業,20.57,大型股
2308,台達電,電子零組件業,259.75,大型股
2312,金寶,其他電子業,149.31,大型股
2313,華通,電子零組件業,119.18,大型股
2314,台揚,通信網路業,23.8,大型股
2316,楠梓電,電子零組件業,18.27,中型股
2317,鴻海,其他電子業,1386.3,大型股
2321,東訊,通信網路業,3.03,小型股
2323,中環,光電業,108.93,大型股
2324,仁寶,電腦及週邊設備業,440.71,大型股
2327,國巨,電子零組件業,42.13,大型股
2328,廣宇,電子零組件業,51.83,大型股
2329,華泰,半導體業,82.56,大型股
2330,台積電,半導體業,2593.04,大型股
2331,精英,電腦及週邊設備業,55.74,大型股
2332,友訊,通信網路業,59.98,大型股
2337,旺宏,半導體業,185.59,大型股
2338,光罩,半導體業,25.57,大型股
2340,台亞,半導體業,43.86,大型股
2342,茂矽,半導體業,15.62,中型股
2344,華邦電,半導體業,398.0,大型股
2345,智邦,通信網路業,56.01,大型股
2347,聯強,電子通路業,166.79,大型股
2348,海悅,其他,14.71,中型股
2349,錸德,光電業,69.37,大型股
2351,順德,半導體業,18.21,中型股
2352,佳世達,電腦及週邊設備業,196.68,大型股
2353,宏碁,電腦及週邊設備業,304.79,大型股
2354,鴻準,其他電子業,141.45,大型股
2355,敬鵬,電子零組件業,39.75,大型股
2356,英業達,電腦及週邊設備業,358.75,大型股
2357,華碩,電腦及週邊設備業,74.28,大型股
2358,廷鑫,其他,13.66,中型股
2359,所羅門,其他電子業,17.15,中型股
2360,致茂,其他電子業,42.54,大型股
2362,藍天,電腦及週邊設備業,63.23,大型股
2363,矽統,半導體業,74.96,大型股
2364,倫飛,電腦及週邊設備業,2.48,小型股
2365,昆盈,電腦及週邊設備業,22.15,大型股
2367,燿華,電子零組件業,66.94,大型股
2368,金像電,電子零組件業,49.18,大型股
2369,菱生,半導體業,38.01,大型股
2371,大同,電機機械,233.95,大型股
2373,震旦行,其他電子業,23.62,大型股
2374,佳能,光電業,28.76,大型股
2375,凱美,電子零組件業,10.87,中型股
2376,技嘉,電腦及週邊設備業,63.57,大型股
2377,微星,電腦及週邊設備業,84.49,大型股
2379,瑞昱,半導體業,51.29,大型股
2380,虹光,電腦及週邊設備業,21.32,大型股
2382,廣達,電腦及週邊設備業,386.26,大型股
2383,台光電,電子零組件業,33.29,大型股
2385,群光,電子零組件業,75.18,大型股
2387,精元,電腦及週邊設備業,19.53,中型股
2388,威盛,半導體業,49.7,大型股
2390,云辰,其他電子業,19.26,中型股
2392,正崴,電子零組件業,51.23,大型股
2393,億光,光電業,44.34,大型股
2395,研華,電腦及週邊設備業,77.78,大型股
2397,友通,電腦及週邊設備業,11.45,中型股
2399,映泰,電腦及週邊設備業,17.81,中型股
2401,凌陽,半導體業,59.2,大型股
2402,毅嘉,電子零組件業,30.75,大型股
2404,漢唐,其他電子業,19.06,中型股
2405,輔信,電腦及週邊設備業,34.34,大型股
2406,國碩,光電業,35.09,大型股
2408,南亞科,半導體業,309.8,大型股
2409,友達,光電業,769.94,大型股
2412,中華電,通信網路業,775.74,大型股
2413,環科,電子零組件業,12.74,中型股
2414,精技,電子通路業,16.17,中型股
2415,錩新,電子零組件業,9.0,小型股
2417,圓剛,電腦及週邊設備業,15.82,中型股
2419,仲琦,通信網路業,32.13,大型股
2420,新巨,電子零組件業,15.26,中型股
2421,建準,電子零組件業,25.09,大型股
2423,固緯,其他電子業,14.5,中型股
2424,隴華,電腦及週邊設備業,4.85,小型股
2425,承啟,電腦及週邊設備業,9.65,小型股
2426,鼎元,光電業,30.06,大型股
2427,三商電,資訊服務業,18.43,中型股
2428,興勤,電子零組件業,12.81,中型股
2429,銘旺科,光電業,4.37,小型股
2430,燦坤,電子通路業,11.68,中型股
2431,聯昌,電子零組件業,11.09,中型股
2433,互盛電,其他電子業,14.45,中型股
2434,統懋,半導體業,3.7,小型股
2436,偉詮電,半導體業,17.8,中型股
2438,翔耀,光電業,6.02,小型股
2439,美律,通信網路業,21.81,大型股
2440,太空梭,電子零組件業,13.91,中型股
2441,超豐,半導體業,56.88,大型股
2442,新美齊,電腦及週邊設備業,25.33,大型股
2443,昶虹,其他,14.57,中型股
2444,兆勁,通信網路業,10.56,中型股
2449,京元電子,半導體業,122.27,大型股
2450,神腦,通信網路業,25.83,大型股
2451,創見,半導體業,42.91,大型股
2453,凌群,資訊服務業,10.0,中型股
2454,聯發科,半導體業,159.94,大型股
2455,全新,通信網路業,18.49,中型股
2457,飛宏,電子零組件業,37.52,大型股
2458,義隆,半導體業,30.39,大型股
2459,敦吉,其他電子業,10.56,中型股
2460,建通,電子零組件業,16.92,中型股
2461,光群雷,其他電子業,16.38,中型股
2462,良得電,電子零組件業,14.19,中型股
2464,盟立,其他電子業,19.55,中型股
2465,麗臺,電腦及週邊設備業,5.89,小型股
2466,冠西電,光電業,16.81,中型股
2467,志聖,電子零組件業,15.68,中型股
2468,華經,資訊服務業,7.0,小型股
2471,資通,資訊服務業,4.73,小型股
2472,立隆電,電子零組件業,16.41,中型股
2474,可成,其他電子業,71.45,大型股
2476,鉅祥,電子零組件業,18.98,中型股
2477,美隆電,其他電子業,15.86,中型股
2478,大毅,電子零組件業,14.47,中型股
2480,敦陽科,資訊服務業,10.64,中型股
2481,強茂,半導體業,38.28,大型股
2482,連宇,其他電子業,7.75,小型股
2483,百容,電子零組件業,10.91,中型股
2484,希華,電子零組件業,15.94,中型股
2485,兆赫,通信網路業,31.77,大型股
2486,一詮,光電業,22.2,大型股
2488,漢平,其他電子業,8.0,小型股
2489,瑞軒,光電業,79.8,大型股
2491,吉祥全,光電業,8.2,小型股
2492,華新科,電子零組件業,48.58,大型股
2493,揚博,電子零組件業,11.44,中型股
2495,普安,電腦及週邊設備業,27.36,大型股
2496,卓越,其他,1.91,小型股
2497,怡利電,汽車工業,12.28,中型股
2498,宏達電,通信網路業,82.76,大型股
2501,國建,建材營造,115.96,大型股
2504,國產,建材營造,118.0,大型股
2505,國揚,建材營造,38.0,大型股
2506,太設,建材營造,38.7,大型股
2509,全坤建,建材營造,22.46,大型股
2511,太子,建材營造,162.33,大型股
2514,龍邦,其他,39.47,大型股
2515,中工,建材營造,153.09,大型股
2516,新建,建材營造,22.63,大型股
2520,冠德,建材營造,55.42,大型股
2524,京城,建材營造,36.91,大型股
2527,宏璟,建材營造,27.03,大型股
2528,皇普,建材營造,38.0,大型股
2530,華建,建材營造,84.0,大型股
2534,宏盛,建材營造,47.42,大型股
2535,達欣工,建材營造,33.85,大型股
2536,宏普,建材營造,33.28,大型股
2537,聯上發,建材營造,30.06,大型股
2538,基泰,建材營造,43.84,大型股
2539,櫻花建,建材營造,73.56,大型股
2540,愛山林,建材營造,26.61,大型股
2542,興富發,建材營造,171.47,大型股
2543,皇昌,建材營造,23.75,大型股
2545,皇翔,建材營造,32.77,大型股
2546,根基,建材營造,11.66,中型股
2547,日勝生,建材營造,88.01,大型股
2548,華固,建材營造,27.68,大型股
2597,潤弘,建材營造,18.5,中型股
2601,益航,貿易百貨,83.48,大型股
2603,長榮,航運業,211.64,大型股
2605,新興,航運業,58.54,大型股
2606,裕民,航運業,84.51,大型股
2607,榮運,航運業,106.71,大型股
2608,嘉里大榮,航運業,46.7,大型股
2609,陽明,航運業,349.21,大型股
2610,華航,航運業,601.35,大型股
2611,志信,航運業,18.9,中型股
2612,中航,航運業,19.75,中型股
2613,中櫃,航運業,14.84,中型股
2614,東森,其他,47.61,大型股
2615,萬海,航運業,280.61,大型股
2616,山隆,油電燃氣業,13.73,中型股
2617,台航,航運業,41.73,大型股
2618,長榮航,航運業,535.81,大型股
2630,亞航,航運業,16.2,中型股
2633,台灣高鐵,航運業,562.83,大型股
2634,漢翔,航運業,94.19,大型股
2636,台驊投控,航運業,14.34,中型股
2637,慧洋-KY,航運業,74.64,大型股
2642,宅配通,航運業,9.55,小型股
2701,萬企,觀光事業,45.0,大型股
2702,華園,觀光事業,14.92,中型股
2704,國賓,觀光事業,36.69,大型股
2705,六福,觀光事業,19.13,中型股
2706,第一店,觀光事業,50.0,大型股
2707,晶華,觀光事業,12.74,中型股
2712,遠雄來,觀光事業,10.5,中型股
2722,夏都,觀光事業,11.15,中型股
2723,美食-KY,觀光事業,18.0,中型股
2727,王品,觀光事業,7.7,小型股
2731,雄獅,觀光事業,7.9,小型股
2739,寒舍,觀光事業,10.15,中型股
2748,雲品,觀光事業,9.05,小型股
2753,八方雲集,觀光事業,6.63,小型股
2801,彰銀,金融保險業,1059.35,大型股
2809,京城銀,金融保險業,111.12,大型股
2812,台中銀,金融保險業,501.54,大型股
2816,旺旺保,金融保險業,22.36,大型股
2820,華票,金融保險業,134.3,大型股
2832,台產,金融保險業,36.22,大型股
2834,臺企銀,金融保險業,802.97,大型股
2836,高雄銀,金融保險業,123.83,大型股
2838,聯邦銀,金融保險業,379.4,大型股
2845,遠東銀,金融保險業,406.95,大型股
2849,安泰銀,金融保險業,195.76,大型股
2850,新產,金融保險業,31.6,大型股
2851,中再保,金融保險業,80.04,大型股
2852,第一保,金融保險業,30.12,大型股
2855,統一證,金融保險業,145.58,大型股
2867,三商壽,金融保險業,409.95,大型股
2880,華南金,金融保險業,1364.27,大型股
2881,富邦金,金融保險業,1399.52,大型股
2882,國泰金,金融保險業,1620.25,大型股
2883,開發金,金融保險業,1842.75,大型股
2884,玉山金,金融保險業,1427.51,大型股
2885,元大金,金融保險業,1250.16,大型股
2886,兆豐金,金融保險業,1393.98,大型股
2887,台新金,金融保險業,1307.41,大型股
2888,新光金,金融保險業,1578.46,大型股
2889,國票金,金融保險業,344.74,大型股
2890,永豐金,金融保險業,1139.38,大型股
2891,中信金,金融保險業,2008.41,大型股
2892,第一金,金融保險業,1322.34,大型股
2897,王道銀行,金融保險業,303.3,大型股
2901,欣欣,貿易百貨,7.3,小型股
2903,遠百,貿易百貨,141.69,大型股
2904,匯僑,其他,7.78,小型股
2905,三商,貿易百貨,92.25,大型股
2906,高林,貿易百貨,20.91,大型股
2908,特力,貿易百貨,50.99,大型股
2910,統領,貿易百貨,20.87,大型股
2911,麗嬰房,貿易百貨,18.47,中型股
2912,統一超,貿易百貨,103.96,大型股
2913,農林,貿易百貨,79.0,大型股
2915,潤泰全,貿易百貨,110.43,大型股
2923,鼎固-KY,建材營造,174.03,大型股
2929,淘帝-KY,貿易百貨,10.95,中型股
2939,凱羿-KY,貿易百貨,4.55,小型股
2945,三商家購,貿易百貨,6.75,小型股
3002,歐格,電腦及週邊設備業,10.2,中型股
3003,健和興,電子零組件業,15.57,中型股
3004,豐達科,鋼鐵工業,5.26,小型股
3005,神基,電腦及週邊設備業,60.35,大型股
3006,晶豪科,半導體業,28.62,大型股
3008,大立光,光電業,13.35,中型股
3010,華立,電子通路業,23.6,大型股
3011,今皓,電子零組件業,11.27,中型股
3013,晟銘電,電腦及週邊設備業,19.59,中型股
3014,聯陽,半導體業,16.11,中型股
3015,全漢,電子零組件業,18.73,中型股
3016,嘉晶,半導體業,28.85,大型股
3017,奇鋐,電腦及週邊設備業,35.33,大型股
3018,同開,其他電子業,7.81,小型股
3019,亞光,光電業,28.11,大型股
3021,鴻名,電子零組件業,9.59,小型股
3022,威強電,電腦及週邊設備業,17.66,中型股
3023,信邦,電子零組件業,23.66,大型股
3024,憶聲,光電業,27.72,大型股
3025,星通,通信網路業,7.09,小型股
3026,禾伸堂,電子零組件業,15.8,中型股
3027,盛達,通信網路業,9.97,小型股
3028,增你強,電子通路業,21.84,大型股
3029,零壹,資訊服務業,15.29,中型股
3030,德律,其他電子業,23.62,大型股
3031,佰鴻,光電業,17.32,中型股
3032,偉訓,電子零組件業,11.33,中型股
3033,威健,電子通路業,42.35,大型股
3034,聯詠,半導體業,60.85,大型股
3035,智原,半導體業,24.86,大型股
3036,文曄,電子通路業,101.85,大型股
3037,欣興,電子零組件業,152.38,大型股
3038,全台,光電業,15.74,中型股
3040,遠見,其他,6.3,小型股
3041,揚智,半導體業,19.42,中型股
3042,晶技,電子零組件業,30.98,大型股
3043,科風,其他電子業,3.9,小型股
3044,健鼎,電子零組件業,52.56,大型股
3045,台灣大,通信網路業,351.92,大型股
3046,建碁,電腦及週邊設備業,7.14,小型股
3047,訊舟,通信網路業,20.7,大型股
3048,益登,電子通路業,26.98,大型股
3049,和鑫,光電業,80.69,大型股
3050,鈺德,光電業,14.6,中型股
3051,力特,光電業,17.0,中型股
3052,夆典,建材營造,22.87,大型股
3054,立萬利,半導體業,8.34,小型股
3055,蔚華科,電子通路業,11.87,中型股
3056,總太,建材營造,24.27,大型股
3057,喬鼎,電腦及週邊設備業,9.27,小型股
3058,立德,電子零組件業,15.86,中型股
3059,華晶科,光電業,27.88,大型股
3060,銘異,電腦及週邊設備業,13.76,中型股
3062,建漢,通信網路業,33.02,大型股
3090,日電貿,電子零組件業,21.27,大型股
3092,鴻碩,電子零組件業,9.32,小型股
3094,聯傑,半導體業,8.31,小型股
3130,一零四,資訊服務業,3.32,小型股
3138,耀登,通信網路業,4.67,小型股
3149,正達,光電業,22.42,大型股
3164,景岳,生技醫療業,8.64,小型股
3167,大量,電機機械,8.01,小型股
3189,景碩,半導體業,45.28,大型股
3209,全科,電子通路業,21.66,大型股
3229,晟鈦,電子零組件業,6.43,小型股
3231,緯創,電腦及週邊設備業,290.16,大型股
3257,虹冠電,半導體業,8.0,小型股
3266,昇陽,建材營造,35.23,大型股
3296,勝德,電子零組件業,9.67,小型股
3305,昇貿,其他電子業,13.42,中型股
3308,聯德,電子零組件業,7.07,小型股
3311,閎暉,通信網路業,6.8,小型股
3312,弘憶股,電子通路業,16.26,中型股
3321,同泰,電子零組件業,15.61,中型股
3338,泰碩,電子零組件業,8.79,小型股
3346,麗清,汽車工業,10.67,中型股
3356,奇偶,光電業,8.98,小型股
3376,新日興,電子零組件業,18.77,中型股
3380,明泰,通信網路業,54.17,大型股
3406,玉晶光,光電業,11.27,中型股
3413,京鼎,半導體業,9.68,小型股
3416,融程電,電腦及週邊設備業,7.32,小型股
3419,譁裕,通信網路業,12.05,中型股
3432,台端,電子零組件業,6.66,小型股
3437,榮創,光電業,14.45,中型股
3443,創意,半導體業,13.4,中型股
3447,展達,通信網路業,7.68,小型股
3450,聯鈞,半導體業,14.57,中型股
3454,晶睿,光電業,8.66,小型股
3481,群創,光電業,955.65,大型股
3494,誠研,電腦及週邊設備業,12.4,中型股
3501,維熹,電子零組件業,11.83,中型股
3504,揚明光,光電業,11.41,中型股
3515,華擎,電腦及週邊設備業,12.2,中型股
3518,柏騰,其他電子業,8.07,小型股
3528,安馳,電子通路業,6.61,小型股
3530,晶相光,半導體業,7.82,小型股
3532,台勝科,半導體業,38.78,大型股
3533,嘉澤,電子零組件業,10.69,中型股
3535,晶彩科,光電業,7.91,小型股
3536,誠創,半導體業,10.68,中型股
3543,州巧,光電業,8.93,小型股
3545,敦泰,半導體業,21.62,大型股
3550,聯穎,電子零組件業,8.76,小型股
3557,嘉威,其他,8.03,小型股
3563,牧德,光電業,4.47,小型股
3576,聯合再生,光電業,162.78,大型股
3583,辛耘,半導體業,8.11,小型股
3588,通嘉,半導體業,5.69,小型股
3591,艾笛森,光電業,13.53,中型股
3592,瑞鼎,半導體業,7.59,小型股
3593,力銘,電子零組件業,9.3,小型股
3596,智易,通信網路業,22.04,大型股
3605,宏致,電子零組件業,13.44,中型股
3607,谷崧,電子零組件業,12.17,中型股
3617,碩天,其他電子業,8.1,小型股
3622,洋華,光電業,15.13,中型股
3645,達邁,電子零組件業,13.18,中型股
3652,精聯,電腦及週邊設備業,7.51,小型股
3653,健策,電子零組件業,13.53,中型股
3661,世芯-KY,半導體業,7.2,小型股
3665,貿聯-KY,其他電子業,15.64,中型股
3669,圓展,通信網路業,9.29,小型股
3673,TPK-KY,光電業,40.67,大型股
3679,新至陞,電子零組件業,6.3,小型股
3682,亞太電,通信網路業,431.72,大型股
3686,達能,半導體業,7.65,小型股
3694,海華,通信網路業,15.27,中型股
3701,大眾控,電腦及週邊設備業,21.51,大型股
3702,大聯大,電子通路業,187.91,大型股
3703,欣陸,建材營造,82.32,大型股
3704,合勤控,通信網路業,39.79,大型股
3705,永信,生技醫療業,26.64,大型股
3706,神達,電腦及週邊設備業,120.66,大型股
3708,上緯投控,化學工業,9.81,小型股
3711,日月光投控,半導體業,436.72,大型股
3712,永崴投控,電腦及週邊設備業,24.62,大型股
3714,富采,光電業,75.48,大型股
3715,定穎投控,電子零組件業,27.75,大型股
4104,佳醫,生技醫療業,14.82,中型股
4106,雃博,生技醫療業,10.09,中型股
4108,懷特,生技醫療業,19.86,中型股
4119,旭富,生技醫療業,9.54,小型股
4133,亞諾法,生技醫療業,6.06,小型股
4137,麗豐-KY,生技醫療業,7.95,小型股
4142,國光生,生技醫療業,42.95,大型股
4148,全宇生技-KY,生技醫療業,6.4,小型股
4155,訊映,生技醫療業,9.59,小型股
4164,承業醫,生技醫療業,16.16,中型股
4190,佐登-KY,生技醫療業,6.08,小型股
4306,炎洲,塑膠工業,64.05,大型股
4414,如興,紡織纖維,81.89,大型股
4426,利勤,紡織纖維,17.27,中型股
4438,廣越,紡織纖維,10.34,中型股
4439,冠星-KY,紡織纖維,3.84,小型股
4440,宜新實業,紡織纖維,6.76,小型股
4526,東台,電機機械,25.48,大型股
4532,瑞智,電機機械,50.49,大型股
4536,拓凱,其他,9.08,小型股
4540,全球傳動,電機機械,9.42,小型股
4545,銘鈺,電子零組件業,7.7,小型股
4551,智伸科,汽車工業,11.52,中型股
4552,力達-KY,電機機械,11.6,中型股
4555,氣立,電機機械,6.81,小型股
4557,永新-KY,汽車工業,4.2,小型股
4560,強信-KY,電機機械,6.81,小型股
4562,穎漢,電機機械,8.75,小型股
4564,元翎,電機機械,18.28,中型股
4566,時碩工業,電機機械,7.65,小型股
4571,鈞興-KY,電機機械,5.33,小型股
4572,駐龍,電機機械,3.58,小型股
4576,大銀微系統,電機機械,11.98,中型股
4581,光隆精密-KY,汽車工業,3.39,小型股
4583,台灣精銳,電機機械,8.02,小型股
4720,德淵,化學工業,10.34,中型股
4722,國精化,化學工業,10.0,中型股
4737,華廣,生技醫療業,6.07,小型股
4739,康普,化學工業,10.7,中型股
4746,台耀,生技醫療業,12.03,中型股
4755,三福化,化學工業,10.07,中型股
4763,材料-KY,化學工業,7.09,小型股
4764,雙鍵,化學工業,8.55,小型股
4766,南寶,化學工業,12.06,中型股
4770,上品,化學工業,7.9,小型股
4807,日成-KY,貿易百貨,3.84,小型股
4904,遠傳,通信網路業,325.85,大型股
4906,正文,通信網路業,39.45,大型股
4912,聯德控股-KY,電子零組件業,6.22,小型股
4915,致伸,電子零組件業,45.94,大型股
4916,事欣科,電腦及週邊設備業,8.34,小型股
4919,新唐,半導體業,41.98,大型股
4927,泰鼎-KY,電子零組件業,18.99,中型股
4930,燦星網,電器電纜,8.0,小型股
4934,太極,光電業,22.5,大型股
4935,茂林-KY,光電業,12.89,中型股
4938,和碩,電腦及週邊設備業,266.69,大型股
4942,嘉彰,光電業,14.24,中型股
4943,康控-KY,電子零組件業,15.64,中型股
4952,凌通,半導體業,10.88,中型股
4956,光鋐,光電業,10.04,中型股
4958,臻鼎-KY,電子零組件業,94.7,大型股
4960,誠美材,光電業,67.41,大型股
4961,天鈺,半導體業,18.65,中型股
4967,十銓,半導體業,7.15,小型股
4968,立積,半導體業,9.02,小型股
4976,佳凌,光電業,13.87,中型股
4977,眾達-KY,通信網路業,8.02,小型股
4989,榮科,電子零組件業,13.78,中型股
4994,傳奇,資訊服務業,11.06,中型股
4999,鑫禾,電子零組件業,7.44,小型股
5007,三星,鋼鐵工業,29.49,大型股
5203,訊連,資訊服務業,7.89,小型股
5215,科嘉-KY,電腦及週邊設備業,6.43,小型股
5222,全訊,半導體業,6.78,小型股
5225,東科-KY,其他電子業,6.31,小型股
5234,達興材料,光電業,10.27,中型股
5243,乙盛-KY,光電業,16.85,中型股
5244,弘凱,光電業,6.79,小型股
5258,虹堡,電腦及週邊設備業,9.95,小型股
5269,祥碩,半導體業,6.94,小型股
5283,禾聯碩,電器電纜,7.3,小型股
5284,jpp-KY,其他,4.79,小型股
5285,界霖,半導體業,10.2,中型股
5288,豐祥-KY,電機機械,6.59,小型股
5306,桂盟,其他,12.6,中型股
5388,中磊,通信網路業,25.88,大型股
5434,崇越,電子通路業,18.17,中型股
5469,瀚宇博,電子零組件業,52.84,大型股
5471,松翰,半導體業,16.79,中型股
5484,慧友,光電業,6.68,小型股
5515,建國,建材營造,25.2,大型股
5519,隆大,建材營造,21.92,大型股
5521,工信,建材營造,49.23,大型股
5522,遠雄,建材營造,78.16,大型股
5525,順天,建材營造,26.46,大型股
5531,鄉林,建材營造,97.76,大型股
5533,皇鼎,建材營造,28.52,大型股
5534,長虹,建材營造,29.03,大型股
5538,東明-KY,鋼鐵工業,20.12,大型股
5546,永固-KY,建材營造,8.24,小型股
5607,遠雄港,航運業,27.4,大型股
5608,四維航,航運業,36.93,大型股
5706,鳳凰,觀光事業,7.38,小型股
5871,中租-KY,其他,173.29,大型股
5876,上海商銀,金融保險業,486.16,大型股
5880,合庫金,金融保險業,1400.89,大型股
5906,台南-KY,貿易百貨,3.24,小型股
5907,大洋-KY,貿易百貨,19.55,中型股
6005,群益證,金融保險業,217.09,大型股
6024,群益期,金融保險業,21.04,大型股
6108,競國,電子零組件業,15.99,中型股
6112,邁達特,資訊服務業,18.84,中型股
6115,鎰勝,電子零組件業,18.77,中型股
6116,彩晶,光電業,294.03,大型股
6117,迎廣,電腦及週邊設備業,8.86,小型股
6120,達運,光電業,66.56,大型股
6128,上福,電腦及週邊設備業,12.76,中型股
6133,金橋,電子零組件業,11.7,中型股
6136,富爾特,通信網路業,11.55,中型股
6139,亞翔,其他電子業,22.55,大型股
6141,柏承,電子零組件業,11.34,中型股
6142,友勁,通信網路業,33.08,大型股
6152,百一,通信網路業,16.77,中型股
6153,嘉聯益,電子零組件業,55.62,大型股
6155,鈞寶,電子零組件業,8.71,小型股
6164,華興,光電業,10.0,中型股
6165,浪凡,其他,5.32,小型股
6166,凌華,電腦及週邊設備業,21.75,大型股
6168,宏齊,光電業,20.61,大型股
6176,瑞儀,光電業,46.5,大型股
6177,達麗,建材營造,38.79,大型股
6183,關貿,資訊服務業,15.0,中型股
6184,大豐電,其他,15.82,中型股
6189,豐藝,電子通路業,20.71,大型股
6191,精成科,電子零組件業,47.43,大型股
6192,巨路,其他電子業,9.62,小型股
6196,帆宣,其他電子業,19.5,中型股
6197,佳必琪,電子零組件業,12.21,中型股
6201,亞弘電,其他電子業,8.92,小型股
6202,盛群,半導體業,22.62,大型股
6205,詮欣,電子零組件業,7.96,小型股
6206,飛捷,電腦及週邊設備業,14.31,中型股
6209,今國光,光電業,17.42,中型股
6213,聯茂,電子零組件業,36.3,大型股
6214,精誠,資訊服務業,27.23,大型股
6215,和椿,其他電子業,8.28,小型股
6216,居易,通信網路業,9.12,小型股
6224,聚鼎,電子零組件業,8.56,小型股
6225,天瀚,光電業,2.78,小型股
6226,光鼎,光電業,11.66,中型股
6230,尼得科超眾,電腦及週邊設備業,8.63,小型股
6235,華孚,電腦及週邊設備業,19.15,中型股
6239,力成,半導體業,75.91,大型股
6243,迅杰,半導體業,4.53,小型股
6257,矽格,半導體業,45.67,大型股
6269,台郡,電子零組件業,32.28,大型股
6271,同欣電,半導體業,16.08,中型股
6277,宏正,電腦及週邊設備業,11.95,中型股
6278,台表科,光電業,29.24,大型股
6281,全國電,電子通路業,9.92,小型股
6282,康舒,電子零組件業,52.63,大型股
6283,淳安,其他電子業,14.79,中型股
6285,啟碁,通信網路業,39.58,大型股
6288,聯嘉,汽車工業,18.28,中型股
6405,悅城,光電業,6.58,小型股
6409,旭隼,其他電子業,8.78,小型股
6412,群電,電子零組件業,39.54,大型股
6414,樺漢,電腦及週邊設備業,10.6,中型股
6415,矽力*-KY,半導體業,9.53,小型股
6416,瑞祺電通,通信網路業,7.32,小型股
6426,統新,通信網路業,3.85,小型股
6431,光麗-KY,生技醫療業,6.86,小型股
6438,迅得,其他電子業,7.14,小型股
6442,光聖,通信網路業,6.93,小型股
6443,元晶,光電業,50.22,大型股
6449,鈺邦,電子零組件業,8.9,小型股
6451,訊芯-KY,半導體業,10.75,中型股
6456,GIS-KY,光電業,33.79,大型股
6464,台數科,其他,13.16,中型股
6477,安集,光電業,12.12,中型股
6491,晶碩,生技醫療業,7.0,小型股
6504,南六,其他,7.26,小型股
6505,台塑化,油電燃氣業,952.6,大型股
6515,穎崴,半導體業,3.45,小型股
6525,捷敏-KY,半導體業,12.9,中型股
6531,愛普*,半導體業,8.08,小型股
6533,晶心科,半導體業,5.07,小型股
6541,泰福-KY,生技醫療業,11.77,中型股
6550,北極星藥業-KY,生技醫療業,74.21,大型股
6552,易華電,半導體業,8.3,小型股
6558,興能高,其他電子業,9.37,小型股
6573,虹揚-KY,半導體業,8.05,小型股
6579,研揚,電腦及週邊設備業,14.91,中型股
6581,鋼聯,其他,11.13,中型股
6582,申豐,橡膠工業,10.62,中型股
6585,鼎基,其他,6.92,小型股
6591,動力-KY,電腦及週邊設備業,3.42,小型股
6592,和潤企業,其他,56.5,大型股
6598,ABC-KY,生技醫療業,8.18,小型股
6605,帝寶,汽車工業,16.58,中型股
6625,必應,其他,4.43,小型股
6641,基士德-KY,其他,3.7,小型股
6655,科定,其他,7.4,小型股
6666,羅麗芬-KY,生技醫療業,4.74,小型股
6668,中揚光,光電業,7.82,小型股
6669,緯穎,電腦及週邊設備業,17.48,中型股
6670,復盛應用,其他,13.1,中型股
6671,三能-KY,其他,6.08,小型股
6672,騰輝電子-KY,電子零組件業,7.15,小型股
6674,鋐寶科技,通信網路業,6.8,小型股
6689,伊雲谷,其他電子業,6.8,小型股
6691,洋基工程,其他電子業,6.79,小型股
6695,芯鼎,半導體業,9.51,小型股
6698,旭暉應材,其他電子業,6.64,小型股
6706,惠特,光電業,7.35,小型股
6715,嘉基,電子零組件業,6.19,小型股
6719,力智,半導體業,7.83,小型股
6743,安普新,其他電子業,15.0,中型股
6754,匯僑設計,其他,6.6,小型股
6756,威鋒電子,半導體業,6.85,小型股
6768,志強-KY,其他,19.6,中型股
6770,力積電,半導體業,394.71,大型股
6776,展碁國際,電子通路業,8.16,小型股
6781,AES-KY,電子零組件業,8.54,小型股
6782,視陽,生技醫療業,6.3,小型股
6789,采鈺,半導體業,31.55,大型股
6790,永豐實,造紙工業,26.71,大型股
6792,詠業,通信網路業,4.79,小型股
6796,晉弘,生技醫療業,3.32,小型股
6799,來頡,半導體業,4.08,小型股
6806,森崴能源,其他,21.62,大型股
6807,峰源-KY,其他,5.4,小型股
6830,汎銓,其他電子業,4.68,小型股
6834,天二科技,電子零組件業,8.85,小型股
6835,圓裕,電子零組件業,6.62,小型股
6854,錼創科技-KY創,半導體業,10.72,中型股
8011,台通,通信網路業,15.09,中型股
8016,矽創,半導體業,12.01,中型股
8021,尖點,其他電子業,14.22,中型股
8028,昇陽半導體,半導體業,15.26,中型股
8033,雷虎,其他,13.26,中型股
8039,台虹,電子零組件業,20.91,大型股
8046,南電,電子零組件業,64.62,大型股
8070,長華*,電子通路業,6.89,小型股
8072,陞泰,電子通路業,8.0,小型股
8081,致新,半導體業,8.62,小型股
8101,華冠,通信網路業,7.28,小型股
8103,瀚荃,電子零組件業,7.9,小型股
8104,錸寶,光電業,7.47,小型股
8105,凌巨,光電業,44.15,大型股
8110,華東,半導體業,51.77,大型股
8112,至上,電子通路業,45.85,大型股
8114,振樺電,電腦及週邊設備業,10.66,中型股
8131,福懋科,半導體業,44.22,大型股
8150,南茂,半導體業,72.72,大型股
8163,達方,電腦及週邊設備業,28.0,大型股
8201,無敵,其他電子業,6.24,小型股
8210,勤誠,電腦及週邊設備業,12.06,中型股
8213,志超,電子零組件業,27.12,大型股
8215,明基材,光電業,32.07,大型股
8222,寶一,電機機械,6.86,小型股
8249,菱光,電子零組件業,14.91,中型股
8261,富鼎,半導體業,11.73,中型股
8271,宇瞻,半導體業,12.27,中型股
8341,日友,其他,11.15,中型股
8367,建新國際,航運業,8.77,小型股
8374,羅昇,電機機械,11.23,中型股
8404,百和興業-KY,其他,31.52,大型股
8411,福貞-KY,其他,21.84,大型股
8422,可寧衛,其他,10.89,中型股
8429,金麗-KY,貿易百貨,18.57,中型股
8438,昶昕,其他,7.05,小型股
8442,威宏-KY,其他,6.02,小型股
8443,阿瘦,貿易百貨,6.68,小型股
8454,富邦媒,貿易百貨,21.85,大型股
8462,柏文,觀光事業,7.94,小型股
8463,潤泰材,其他,15.0,中型股
8464,億豐,其他,29.3,大型股
8466,美吉吉-KY,其他,6.61,小型股
8467,波力-KY,其他,4.95,小型股
8473,山林水,其他,14.42,中型股
8478,東哥遊艇,其他,8.89,小型股
8481,政伸,其他,6.66,小型股
8482,商億-KY,其他,11.04,中型股
8488,吉源-KY,其他,6.75,小型股
8499,鼎炫-KY,其他電子業,5.19,小型股
8926,台汽電,油電燃氣業,58.9,大型股
8940,新天地,觀光事業,6.75,小型股
8996,高力,電機機械,8.94,小型股
9103,美德醫療-DR,存託憑證,8.27,小型股
910322,康師傅-DR,存託憑證,9.17,小型股
9105,泰金寶-DR,存託憑證,45.64,大型股
910861,神州-DR,存託憑證,6.45,小型股
9110,越南控-DR,存託憑證,0.38,小型股
911608,明輝-DR,存託憑證,5.27,小型股
911622,泰聚亨-DR,存託憑證,37.15,大型股
911868,同方友友-DR,存託憑證,3.56,小型股
912000,晨訊科-DR,存託憑證,10.64,中型股
9136,巨騰-DR,存託憑證,4.41,小型股
9802,鈺齊-KY,其他,19.07,中型股
9902,台火,其他,9.8,小型股
9904,寶成,其他,294.68,大型股
9905,大華,其他,30.5,大型股
9906,欣巴巴,建材營造,8.33,小型股
9907,統一實,其他,157.91,大型股
9908,大台北,油電燃氣業,51.64,大型股
9910,豐泰,其他,88.17,大型股
9911,櫻花,其他,22.11,大型股
9912,偉聯,電腦及週邊設備業,5.45,小型股
9914,美利達,其他,29.9,大型股
9917,中保科,其他,45.12,大型股
9918,欣天然,油電燃氣業,18.05,中型股
9919,康那香,其他,19.54,中型股
9921,巨大,其他,39.21,大型股
9924,福興,其他,18.85,中型股
9925,新保,其他,38.75,大型股
9926,新海,油電燃氣業,17.95,中型股
9927,泰銘,其他,16.73,中型股
9928,中視,其他,6.07,小型股
9929,秋雨,其他,10.13,中型股
9930,中聯資源,其他,24.85,大型股
9931,欣高,油電燃氣業,11.04,中型股
9933,中鼎,其他,79.39,大型股
9934,成霖,其他,35.82,大型股
9935,慶豐富,其他,16.96,中型股
9937,全國,油電燃氣業,30.9,大型股
9938,百和,其他,29.8,大型股
9939,宏全,其他,28.78,大型股
9940,信義,其他,73.68,大型股
9941,裕融,其他,59.71,大型股
9942,茂順,其他,8.32,小型股
9943,好樂迪,觀光事業,12.52,中型股
9944,新麗,其他,10.91,中型股
9945,潤泰新,其他,316.03,大型股
9946,三發地產,建材營造,32.66,大型股
9955,佳龍,其他,10.32,中型股
9958,世紀鋼,鋼鐵工業,23.24,大型股
0050,元大台灣50,ETF,0.0,ETF
0051,元大中型100,ETF,0.0,ETF
0052,富邦科技,ETF,0.0,ETF
0053,元大電子,ETF,0.0,ETF
0055,元大MSCI金融,ETF,0.0,ETF
0056,元大高股息,ETF,0.0,ETF
0057,富邦摩台,ETF,0.0,ETF
0061,元大寶滬深,ETF,0.0,ETF
006203,元大MSCI台灣,ETF,0.0,ETF
006204,永豐臺灣加權,ETF,0.0,ETF
006205,富邦上証,ETF,0.0,ETF
006206,元大上證50,ETF,0.0,ETF
006207,FH滬深,ETF,0.0,ETF
006208,富邦台50,ETF,0.0,ETF
00625K,富邦上証+R,ETF,0.0,ETF
00631L,元大台灣50正2,ETF,0.0,ETF
00632R,元大台灣50反1,ETF,0.0,ETF
00633L,富邦上証正2,ETF,0.0,ETF
00634R,富邦上証反1,ETF,0.0,ETF
00635U,期元大S&P黃金,ETF,0.0,ETF
00636,國泰中國A50,ETF,0.0,ETF
00636K,國泰中國A50+U,ETF,0.0,ETF
00637L,元大滬深300正2,ETF,0.0,ETF
00638R,元大滬深300反1,ETF,0.0,ETF
00639,富邦深100,ETF,0.0,ETF
00640L,富邦日本正2,ETF,0.0,ETF
00641R,富邦日本反1,ETF,0.0,ETF
00642U,期元大S&P石油,ETF,0.0,ETF
00643,群益深証中小,ETF,0.0,ETF
00643K,群益深証中小+R,ETF,0.0,ETF
00645,富邦日本,ETF,0.0,ETF
00646,元大S&P500,ETF,0.0,ETF
00647L,元大S&P500正2,ETF,0.0,ETF
00648R,元大S&P500反1,ETF,0.0,ETF
00650L,FH香港正2,ETF,0.0,ETF
00651R,FH香港反1,ETF,0.0,ETF
00652,富邦印度,ETF,0.0,ETF
00653L,富邦印度正2,ETF,0.0,ETF
00654R,富邦印度反1,ETF,0.0,ETF
00655L,國泰中國A50正2,ETF,0.0,ETF
00656R,國泰中國A50反1,ETF,0.0,ETF
00657,國泰日經225,ETF,0.0,ETF
00657K,國泰日經225+U,ETF,0.0,ETF
00660,元大歐洲50,ETF,0.0,ETF
00661,元大日經225,ETF,0.0,ETF
00662,富邦NASDAQ,ETF,0.0,ETF
00663L,國泰臺灣加權正2,ETF,0.0,ETF
00664R,國泰臺灣加權反1,ETF,0.0,ETF
00665L,富邦恒生國企正2,ETF,0.0,ETF
00666R,富邦恒生國企反1,ETF,0.0,ETF
00668,國泰美國道瓊,ETF,0.0,ETF
00668K,國泰美國道瓊+U,ETF,0.0,ETF
00669R,國泰美國道瓊反1,ETF,0.0,ETF
00670L,富邦NASDAQ正2,ETF,0.0,ETF
00671R,富邦NASDAQ反1,ETF,0.0,ETF
00673R,期元大S&P原油反1,ETF,0.0,ETF
00674R,期元大S&P黃金反1,ETF,0.0,ETF
00675L,富邦臺灣加權正2,ETF,0.0,ETF
00676R,富邦臺灣加權反1,ETF,0.0,ETF
00678,群益NBI生技,ETF,0.0,ETF
00680L,元大美債20正2,ETF,0.0,ETF
00681R,元大美債20反1,ETF,0.0,ETF
00682U,期元大美元指數,ETF,0.0,ETF
00683L,期元大美元指正2,ETF,0.0,ETF
00684R,期元大美元指反1,ETF,0.0,ETF
00685L,群益臺灣加權正2,ETF,0.0,ETF
00686R,群益臺灣加權反1,ETF,0.0,ETF
00688L,國泰20年美債正2,ETF,0.0,ETF
00689R,國泰20年美債反1,ETF,0.0,ETF
00690,兆豐藍籌30,ETF,0.0,ETF
00692,富邦公司治理,ETF,0.0,ETF
00693U,期街口S&P黃豆,ETF,0.0,ETF
00700,富邦恆生國企,ETF,0.0,ETF
00701,國泰股利精選30,ETF,0.0,ETF
00702,國泰標普低波高息,ETF,0.0,ETF
00703,台新MSCI中國,ETF,0.0,ETF
00706L,期元大S&P日圓正2,ETF,0.0,ETF
00707R,期元大S&P日圓反1,ETF,0.0,ETF
00708L,期元大S&P黃金正2,ETF,0.0,ETF
00709,富邦歐洲,ETF,0.0,ETF
00710B,FH彭博非投等債,ETF,0.0,ETF
00711B,FH彭博新興債,ETF,0.0,ETF
00712,FH富時不動產,ETF,0.0,ETF
00713,元大台灣高息低波,ETF,0.0,ETF
00714,群益道瓊美國地產,ETF,0.0,ETF
00715L,期街口S&P布蘭特油正2,ETF,0.0,ETF
00717,富邦美國特別股,ETF,0.0,ETF
00728,第一金工業30,ETF,0.0,ETF
00730,富邦臺灣優質高息,ETF,0.0,ETF
00731,FH富時高息低波,ETF,0.0,ETF
00732,國泰RMB短期報酬,ETF,0.0,ETF
00733,富邦臺灣中小,ETF,0.0,ETF
00735,國泰臺韓科技,ETF,0.0,ETF
00736,國泰新興市場,ETF,0.0,ETF
00737,國泰AI+ROBO,ETF,0.0,ETF
00738U,期元大道瓊白銀,ETF,0.0,ETF
00739,元大MSCI A股,ETF,0.0,ETF
00752,中信中國50,ETF,0.0,ETF
00753L,中信中國50正2,ETF,0.0,ETF
00757,統一FANG+,ETF,0.0,ETF
00762,元大全球AI,ETF,0.0,ETF
00763U,期街口道瓊銅,ETF,0.0,ETF
00770,國泰北美科技,ETF,0.0,ETF
00771,元大US高息特別股,ETF,0.0,ETF
00775B,新光投等債15+,ETF,0.0,ETF
00783,富邦中証500,ETF,0.0,ETF
00830,國泰費城半導體,ETF,0.0,ETF
00850,元大臺灣ESG永續,ETF,0.0,ETF
00851,台新全球AI,ETF,0.0,ETF
00852L,國泰美國道瓊正2,ETF,0.0,ETF
00861,元大全球未來通訊,ETF,0.0,ETF
00865B,國泰US短期公債,ETF,0.0,ETF
00875,國泰網路資安,ETF,0.0,ETF
00876,元大全球5G,ETF,0.0,ETF
00878,國泰永續高股息,ETF,0.0,ETF
00881,國泰台灣5G+,ETF,0.0,ETF
00882,中信中國高股息,ETF,0.0,ETF
00885,富邦越南,ETF,0.0,ETF
00891,中信關鍵半導體,ETF,0.0,ETF
00892,富邦台灣半導體,ETF,0.0,ETF
00893,國泰智能電動車,ETF,0.0,ETF
00894,中信小資高價30,ETF,0.0,ETF
00895,富邦未來車,ETF,0.0,ETF
00896,中信綠能及電動車,ETF,0.0,ETF
00897,富邦基因免疫生技,ETF,0.0,ETF
00898,國泰基因免疫革命,ETF,0.0,ETF
00899,FT潔淨能源,ETF,0.0,ETF
00900,富邦特選高股息30,ETF,0.0,ETF
00901,永豐智能車供應鏈,ETF,0.0,ETF
00902,中信電池及儲能,ETF,0.0,ETF
00903,富邦元宇宙,ETF,0.0,ETF
00904,新光臺灣半導體30,ETF,0.0,ETF
00905,FT臺灣SMART,ETF,0.0,ETF
00906,大華元宇宙科技50,ETF,0.0,ETF
00907,永豐優息存股,ETF,0.0,ETF
00908,富邦入息REITs+,ETF,0.0,ETF
00909,國泰數位支付服務,ETF,0.0,ETF
00910,第一金太空衛星,ETF,0.0,ETF
00911,兆豐洲際半導體,ETF,0.0,ETF
00912,中信臺灣智慧50,ETF,0.0,ETF
00913,兆豐台灣晶圓製造,ETF,0.0,ETF
00915,凱基優選高股息30,ETF,0.0,ETF
00916,國泰全球品牌50,ETF,0.0,ETF
00917,中信特選金融,ETF,0.0,ETF
00918,大華優利高填息30,ETF,0.0,ETF
00919,群益台灣精選高息,ETF,0.0,ETF
00920,富邦ESG綠色電力,ETF,0.0,ETF
00921,兆豐龍頭等權重,ETF,0.0,ETF
